{
  "total_duration": 58.13098907470703,
  "phase_breakdown": {
    "AI API调用 - DeepSeek": {
      "duration": 55.00115895271301,
      "percentage": 94.61590079265343
    },
    "AI响应解析": {
      "duration": 1.0009729862213135,
      "percentage": 1.721926638707133
    },
    "数据库保存 - 问题数据": {
      "duration": 0.8004579544067383,
      "percentage": 1.3769900824808432
    },
    "缓存检查": {
      "duration": 0.5050849914550781,
      "percentage": 0.8688738992656193
    },
    "数据库查询 - 简历信息": {
      "duration": 0.20509696006774902,
      "percentage": 0.3528186313915435
    },
    "数据库更新 - 会话状态": {
      "duration": 0.20508193969726562,
      "percentage": 0.3527927925563155
    },
    "响应构建和返回": {
      "duration": 0.20017790794372559,
      "percentage": 0.3443566179245066
    },
    "数据库查询 - 会话信息": {
      "duration": 0.1050570011138916,
      "percentage": 0.18072460624896236
    },
    "请求验证和解析": {
      "duration": 0.10505509376525879,
      "percentage": 0.18072132512702863
    }
  },
  "timestamp": "2025-07-30T11:47:59.514652",
  "performance_grade": "B (一般)"
}